username,firstname,lastname,email_id,password,profile_pic,interest,age,gender
_anvi_tiwari,anvi,"tiwari ",anvitiwari@gmail.com,1234,profile_pic_1649254324957.jpg,"respect me and i will do the same,screw me and i will double screw you",16,female
aayush_gour7,aayush,gour,aayushgour77@gmail.com,9165343429,profile_pic_1649220486863.jpeg,"bike riding ,playing cricket,football wandering here and there",23,male
anchal_sharma_07,anchal,sharma,sharma_anchal@gmail.com,jikaheaap,profile_pic_1649324617248.jfif,"Designs dreams and wear them in the best way possible",21,male
chitti_robo,chitti,robo,chitti@gmail.com,1234,profile_pic_1649324234409.jpg,"Hi, I'm Chitti the Robot. Speed 1 terahertz, memory 1 zigabyte.",27,male
gal_gadot,gal,gadot,gadot_gal@gmail.com,12345,profile_pic_1649325376701.jpg,"I am Diana of Themyscira, daughter of Hippolyta. In the name of all that is good, your wrath upon this world is over",30,female
ianchal07,anchal,sharma,watsonalpha@gmail.com,123,profile_pic_1650122809733.jpg,"I'm Still Worthy.",21,male
kath007,kath,langford,kathlangford@gmail.com,12345,profile_pic_1649325823902.jfif,"13 reasons why  am I great",26,female
saina_pathan,saina,pathan,khansaina@gmail.com,1234,profile_pic_1649254698777.jfif,NULL,22,female
sakshi_sharma_01,sakshi,sharma,sakshi0105@gmail.com,12345,profile_pic_1649324926135.jpg,NULL,21,female
surbhi09,surbhi,garg,surbhigarg@gmail.com,1234,profile_pic_1649224833697.jpg,"computer dsa network ",22,female
